"","Year","Month","Type","Revenue","Megawatthours","Cents.kwh","RealCents.kwh","CPI","Date"
"1",1990,1,"Total","1,406,536","17,504,013",8.04,6.310832025,127.4,"1/1990"
"2",1990,2,"Total","1,414,179","16,713,747",8.46,6.609375,128,"2/1990"
"3",1990,3,"Total","1,403,591","16,701,475",8.4,6.526806527,128.7,"3/1990"
"4",1990,4,"Total","1,295,181","15,840,235",8.18,6.346004655,128.9,"4/1990"
"5",1990,5,"Total","1,399,746","16,317,464",8.58,6.640866873,129.2,"5/1990"
"6",1990,6,"Total","1,584,548","17,514,278",9.05,6.966897614,129.9,"6/1990"
"7",1990,7,"Total","1,873,092","19,356,389",9.68,7.423312883,130.4,"7/1990"
"8",1990,8,"Total","1,941,492","20,084,696",9.67,7.348024316,131.6,"8/1990"
"9",1990,9,"Total","1,787,945","19,106,608",9.36,7.053504145,132.7,"9/1990"
"10",1990,10,"Total","1,676,237","18,068,330",9.28,6.951310861,133.5,"10/1990"
"11",1990,11,"Total","1,442,224","16,697,120",8.64,6.457399103,133.8,"11/1990"
"12",1990,12,"Total","1,438,833","17,188,566",8.37,6.255605381,133.8,"12/1990"
"13",1991,1,"Total","1,520,421","17,725,275",8.58,6.374442793,134.6,"1/1991"
"14",1991,2,"Total","1,447,434","16,526,395",8.76,6.49851632,134.8,"2/1991"
"15",1991,3,"Total","1,429,397","16,280,151",8.78,6.503703704,135,"3/1991"
"16",1991,4,"Total","1,417,061","15,946,229",8.89,6.575443787,135.2,"4/1991"
"17",1991,5,"Total","1,488,768","16,188,980",9.2,6.784660767,135.6,"5/1991"
"18",1991,6,"Total","1,652,593","17,064,178",9.68,7.117647059,136,"6/1991"
"19",1991,7,"Total","1,855,763","18,215,789",10.19,7.48164464,136.2,"7/1991"
"20",1991,8,"Total","1,953,527","18,850,394",10.36,7.584187408,136.6,"8/1991"
"21",1991,9,"Total","1,919,780","18,827,432",10.2,7.434402332,137.2,"9/1991"
"22",1991,10,"Total","1,912,104","18,987,380",10.07,7.328966521,137.4,"10/1991"
"23",1991,11,"Total","1,549,612","16,726,337",9.26,6.71988389,137.8,"11/1991"
"24",1991,12,"Total","1,514,686","17,311,950",8.75,6.345177665,137.9,"12/1991"
"25",1992,1,"Total","1,557,949","17,305,340",9,6.517016655,138.1,"1/1992"
"26",1992,2,"Total","1,492,273","16,507,999",9.04,6.522366522,138.6,"2/1992"
"27",1992,3,"Total","1,469,667","16,420,720",8.95,6.424982053,139.3,"3/1992"
"28",1992,4,"Total","1,470,154","16,428,315",8.95,6.415770609,139.5,"4/1992"
"29",1992,5,"Total","1,583,450","16,916,920",9.36,6.700071582,139.7,"5/1992"
"30",1992,6,"Total","1,801,970","18,286,914",9.85,7.025677603,140.2,"6/1992"
"31",1992,7,"Total","2,005,794","18,941,543",10.59,7.537366548,140.5,"7/1992"
"32",1992,8,"Total","2,180,719","20,389,366",10.7,7.594038325,140.9,"8/1992"
"33",1992,9,"Total","2,068,992","19,744,006",10.48,7.416843595,141.3,"9/1992"
"34",1992,10,"Total","1,895,963","18,807,132",10.08,7.108603667,141.8,"10/1992"
"35",1992,11,"Total","1,542,754","16,700,236",9.24,6.507042254,142,"11/1992"
"36",1992,12,"Total","1,541,884","16,998,750",9.07,6.391825229,141.9,"12/1992"
"37",1993,1,"Total","1,624,050","17,801,824",9.12,6.395511921,142.6,"1/1993"
"38",1993,2,"Total","1,481,208","16,473,540",8.99,6.282320056,143.1,"2/1993"
"39",1993,3,"Total","1,483,740","16,512,244",8.99,6.260445682,143.6,"3/1993"
"40",1993,4,"Total","1,437,683","16,108,833",8.92,6.194444444,144,"4/1993"
"41",1993,5,"Total","1,567,163","16,691,558",9.39,6.511789182,144.2,"5/1993"
"42",1993,6,"Total","1,770,322","17,569,288",10.08,6.980609418,144.4,"6/1993"
"43",1993,7,"Total","2,046,393","19,157,143",10.68,7.396121884,144.4,"7/1993"
"44",1993,8,"Total","2,049,826","19,204,229",10.67,7.36878453,144.8,"8/1993"
"45",1993,9,"Total","2,011,626","19,256,921",10.45,7.201929704,145.1,"9/1993"
"46",1993,10,"Total","1,827,223","17,838,793",10.24,7.028140014,145.7,"10/1993"
"47",1993,11,"Total","1,562,847","16,678,188",9.37,6.426611797,145.8,"11/1993"
"48",1993,12,"Total","1,539,396","17,207,365",8.95,6.138545953,145.8,"12/1993"
"49",1994,1,"Total","1,581,126","17,582,090",8.99,6.149110807,146.2,"1/1994"
"50",1994,2,"Total","1,504,219","16,527,800",9.1,6.203135651,146.7,"2/1994"
"51",1994,3,"Total","1,520,543","16,746,936",9.08,6.168478261,147.2,"3/1994"
"52",1994,4,"Total","1,473,273","15,992,375",9.21,6.248303935,147.4,"4/1994"
"53",1994,5,"Total","1,542,528","16,350,775",9.43,6.393220339,147.5,"5/1994"
"54",1994,6,"Total","1,797,399","17,875,548",10.06,6.797297297,148,"6/1994"
"55",1994,7,"Total","2,118,364","19,647,667",10.78,7.264150943,148.4,"7/1994"
"56",1994,8,"Total","2,203,181","20,583,482",10.7,7.181208054,149,"8/1994"
"57",1994,9,"Total","2,121,182","19,895,389",10.66,7.135207497,149.4,"9/1994"
"58",1994,10,"Total","1,848,551","17,882,782",10.34,6.91638796,149.5,"10/1994"
"59",1994,11,"Total","1,595,165","16,943,367",9.41,6.285905144,149.7,"11/1994"
"60",1994,12,"Total","1,594,005","17,656,092",9.03,6.032064128,149.7,"12/1994"
"61",1995,1,"Total","1,629,793","17,774,393",9.17,6.101131071,150.3,"1/1995"
"62",1995,2,"Total","1,540,962","16,706,064",9.22,6.110006627,150.9,"2/1995"
"63",1995,3,"Total","1,534,332","16,505,862",9.3,6.142668428,151.4,"3/1995"
"64",1995,4,"Total","1,461,226","15,798,092",9.25,6.089532587,151.9,"4/1995"
"65",1995,5,"Total","1,545,035","16,082,087",9.61,6.314060447,152.2,"5/1995"
"66",1995,6,"Total","1,751,389","17,265,307",10.14,6.649180328,152.5,"6/1995"
"67",1995,7,"Total","2,040,661","18,601,192",10.97,7.193442623,152.5,"7/1995"
"68",1995,8,"Total","2,223,253","20,401,246",10.9,7.128842381,152.9,"8/1995"
"69",1995,9,"Total","2,196,713","20,497,669",10.72,6.997389034,153.2,"9/1995"
"70",1995,10,"Total","1,952,725","18,708,634",10.44,6.79245283,153.7,"10/1995"
"71",1995,11,"Total","1,631,684","17,081,791",9.55,6.217447917,153.6,"11/1995"
"72",1995,12,"Total","1,562,272","17,182,387",9.09,5.921824104,153.5,"12/1995"
"73",1996,1,"Total","1,609,242","17,531,211",9.18,5.945595855,154.4,"1/1996"
"74",1996,2,"Total","1,509,576","16,568,675",9.11,5.881213686,154.9,"2/1996"
"75",1996,3,"Total","1,523,849","16,910,187",9.01,5.786769428,155.7,"3/1996"
"76",1996,4,"Total","1,459,158","16,252,270",8.98,5.745361484,156.3,"4/1996"
"77",1996,5,"Total","1,607,982","17,182,950",9.36,5.977011494,156.6,"5/1996"
"78",1996,6,"Total","1,589,172","18,352,740",8.66,5.526483727,156.7,"6/1996"
"79",1996,7,"Total","2,049,718","19,965,414",10.27,6.541401274,157,"7/1996"
"80",1996,8,"Total","2,155,052","20,261,533",10.64,6.764144946,157.3,"8/1996"
"81",1996,9,"Total","2,098,243","20,930,998",10.02,6.349809886,157.8,"9/1996"
"82",1996,10,"Total","1,925,795","19,112,248",10.08,6.367656349,158.3,"10/1996"
"83",1996,11,"Total","1,567,672","17,215,697",9.11,5.744010088,158.6,"11/1996"
"84",1996,12,"Total","1,572,846","17,828,564",8.82,5.561160151,158.6,"12/1996"
"85",1997,1,"Total","1,630,798","18,224,760",8.95,5.625392835,159.1,"1/1997"
"86",1997,2,"Total","1,543,920","17,516,445",8.81,5.520050125,159.6,"2/1997"
"87",1997,3,"Total","1,508,331","16,942,430",8.9,5.5625,160,"3/1997"
"88",1997,4,"Total","1,533,858","17,474,789",8.78,5.480649189,160.2,"4/1997"
"89",1997,5,"Total","1,689,239","18,499,774",9.13,5.702685821,160.1,"5/1997"
"90",1997,6,"Total","1,949,458","19,863,345",9.81,6.119775421,160.3,"6/1997"
"91",1997,7,"Total","2,101,804","19,987,714",10.52,6.554517134,160.5,"7/1997"
"92",1997,8,"Total","2,193,218","20,663,370",10.61,6.598258706,160.8,"8/1997"
"93",1997,9,"Total","2,209,514","21,395,554",10.33,6.408188586,161.2,"9/1997"
"94",1997,10,"Total","2,042,929","20,022,741",10.2,6.311881188,161.6,"10/1997"
"95",1997,11,"Total","1,708,516","18,791,168",9.09,5.628482972,161.5,"11/1997"
"96",1997,12,"Total","1,639,071","18,498,036",8.86,5.492870428,161.3,"12/1997"
"97",1998,1,"Total","1,661,303","19,273,204",8.62,5.334158416,161.6,"1/1998"
"98",1998,2,"Total","1,551,553","18,434,782",8.42,5.200741198,161.9,"2/1998"
"99",1998,3,"Total","1,491,457","18,533,534",8.05,4.963008631,162.2,"3/1998"
"100",1998,4,"Total","1,473,628","17,643,203",8.35,5.138461538,162.5,"4/1998"
"101",1998,5,"Total","1,548,096","17,456,948",8.87,5.448402948,162.8,"5/1998"
"102",1998,6,"Total","1,675,221","18,447,144",9.08,5.570552147,163,"6/1998"
"103",1998,7,"Total","1,981,873","20,129,745",9.85,6.035539216,163.2,"7/1998"
"104",1998,8,"Total","2,303,088","23,478,887",9.81,6.003671971,163.4,"8/1998"
"105",1998,9,"Total","2,233,311","23,510,256",9.5,5.806845966,163.6,"9/1998"
"106",1998,10,"Total","1,916,678","20,554,071",9.33,5.68902439,164,"10/1998"
"107",1998,11,"Total","1,578,850","18,458,665",8.55,5.213414634,164,"11/1998"
"108",1998,12,"Total","1,689,664","20,513,532",8.24,5.027455766,163.9,"12/1998"
"109",1999,1,"Total","1,600,334","18,897,801",8.47,5.155203895,164.3,"1/1999"
"110",1999,2,"Total","1,582,386","18,920,003",8.36,5.082066869,164.5,"2/1999"
"111",1999,3,"Total","1,505,932","18,127,096",8.31,5.036363636,165,"3/1999"
"112",1999,4,"Total","1,582,122","18,768,798",8.43,5.072202166,166.2,"4/1999"
"113",1999,5,"Total","1,535,524","17,744,837",8.65,5.204572804,166.2,"5/1999"
"114",1999,6,"Total","1,787,401","19,323,036",9.25,5.565583634,166.2,"6/1999"
"115",1999,7,"Total","2,106,127","21,072,757",9.99,5.99280144,166.7,"7/1999"
"116",1999,8,"Total","2,110,620","21,501,360",9.82,5.876720527,167.1,"8/1999"
"117",1999,9,"Total","2,104,914","21,780,723",9.66,5.753424658,167.9,"9/1999"
"118",1999,10,"Total","1,953,846","20,644,506",9.46,5.624256837,168.2,"10/1999"
"119",1999,11,"Total","1,632,833","19,478,694",8.38,4.979203803,168.3,"11/1999"
"120",1999,12,"Total","1,568,784","18,571,270",8.45,5.020796197,168.3,"12/1999"
"121",2000,1,"Total","1,718,998","20,515,188",8.38,4.964454976,168.8,"1/2000"
"122",2000,2,"Total","1,606,892","18,992,153",8.46,4.982332155,169.8,"2/2000"
"123",2000,3,"Total","1,698,835","19,862,524",8.55,4.994158879,171.2,"3/2000"
"124",2000,4,"Total","1,497,204","18,024,101",8.31,4.851138354,171.3,"4/2000"
"125",2000,5,"Total","1,700,744","18,953,083",8.97,5.2303207,171.5,"5/2000"
"126",2000,6,"Total","2,137,283","21,784,929",9.81,5.69025522,172.4,"6/2000"
"127",2000,7,"Total","2,136,848","21,558,271",9.91,5.734953704,172.8,"7/2000"
"128",2000,8,"Total","2,638,058","24,295,906",10.86,6.284722222,172.8,"8/2000"
"129",2000,9,"Total","2,163,819","21,870,718",9.89,5.693724813,173.7,"9/2000"
"130",2000,10,"Total","2,025,019","20,674,295",9.79,5.626436782,174,"10/2000"
"131",2000,11,"Total","1,740,938","19,080,685",9.12,5.238368754,174.1,"11/2000"
"132",2000,12,"Total","2,040,674","18,445,348",11.06,6.356321839,174,"12/2000"
"133",2001,1,"Total","1,893,257","21,744,317",8.71,4.9743004,175.1,"1/2001"
"134",2001,2,"Total","1,762,303","18,305,559",9.63,5.4778157,175.8,"2/2001"
"135",2001,3,"Total","2,111,176","21,351,409",9.89,5.612939841,176.2,"3/2001"
"136",2001,4,"Total","1,862,140","18,855,600",9.88,5.585076314,176.9,"4/2001"
"137",2001,5,"Total","1,949,723","19,862,257",9.82,5.526167698,177.7,"5/2001"
"138",2001,6,"Total","2,404,003","21,194,242",11.34,6.370786517,178,"6/2001"
"139",2001,7,"Total","2,900,299","21,538,593",13.47,7.588732394,177.5,"7/2001"
"140",2001,8,"Total","3,120,035","23,772,490",13.12,7.391549296,177.5,"8/2001"
"141",2001,9,"Total","2,704,736","20,600,896",13.13,7.36399327,178.3,"9/2001"
"142",2001,10,"Total","2,752,259","21,599,957",12.74,7.169386607,177.7,"10/2001"
"143",2001,11,"Total","2,116,906","18,974,188",11.16,6.290868095,177.4,"11/2001"
"144",2001,12,"Total","2,209,703","19,959,271",11.07,6.264855688,176.7,"12/2001"
"145",2002,1,"Total","2,249,419","19,863,788",11.32,6.391869001,177.1,"1/2002"
"146",2002,2,"Total","1,986,056","17,781,301",11.17,6.282339708,177.8,"2/2002"
"147",2002,3,"Total","2,069,156","18,227,133",11.35,6.34787472,178.8,"3/2002"
"148",2002,4,"Total","2,046,594","18,614,308",10.99,6.112347052,179.8,"4/2002"
"149",2002,5,"Total","2,254,432","18,614,748",12.11,6.735261402,179.8,"5/2002"
"150",2002,6,"Total","2,490,306","19,525,509",12.75,7.087270706,179.9,"6/2002"
"151",2002,7,"Total","3,075,216","22,334,835",13.77,7.64575236,180.1,"7/2002"
"152",2002,8,"Total","2,949,211","22,224,419",13.27,7.343663531,180.7,"8/2002"
"153",2002,9,"Total","2,581,625","21,095,011",12.24,6.762430939,181,"9/2002"
"154",2002,10,"Total","2,656,480","20,947,433",12.68,6.993932708,181.3,"10/2002"
"155",2002,11,"Total","2,050,960","16,962,605",12.09,6.66850524,181.3,"11/2002"
"156",2002,12,"Total","2,270,588","19,022,242",11.94,6.600331675,180.9,"12/2002"
"157",2003,1,"Total","2,301,661","19,979,421",11.52,6.340121079,181.7,"1/2003"
"158",2003,2,"Total","2,016,570","17,313,002",11.65,6.362643364,183.1,"2/2003"
"159",2003,3,"Total","1,954,895","18,402,456",10.62,5.765472313,184.2,"3/2003"
"160",2003,4,"Total","2,110,355","17,997,583",11.73,6.381936888,183.8,"4/2003"
"161",2003,5,"Total","2,218,859","18,261,644",12.15,6.621253406,183.5,"5/2003"
"162",2003,6,"Total","2,616,010","20,122,937",13,7.07675558,183.7,"6/2003"
"163",2003,7,"Total","3,228,573","23,328,704",13.84,7.525829255,183.9,"7/2003"
"164",2003,8,"Total","2,987,517","23,466,080",12.73,6.895991333,184.6,"8/2003"
"165",2003,9,"Total","2,389,954","23,341,424",10.24,5.529157667,185.2,"9/2003"
"166",2003,10,"Total","2,356,612","21,974,546",10.72,5.794594595,185,"10/2003"
"167",2003,11,"Total","2,117,431","18,171,852",11.65,6.314363144,184.5,"11/2003"
"168",2003,12,"Total","2,349,206","20,861,667",11.26,6.109603907,184.3,"12/2003"
"169",2004,1,"Total","2,237,384","20,188,608",11.08,5.982721382,185.2,"1/2004"
"170",2004,2,"Total","2,039,659","17,876,563",11.41,6.127819549,186.2,"2/2004"
"171",2004,3,"Total","2,171,630","19,782,727",10.98,5.859124867,187.4,"3/2004"
"172",2004,4,"Total","2,010,152","19,642,466",10.23,5.441489362,188,"4/2004"
"173",2004,5,"Total","2,055,299","18,916,761",10.86,5.742993125,189.1,"5/2004"
"174",2004,6,"Total","2,624,199","22,036,140",11.91,6.278334212,189.7,"6/2004"
"175",2004,7,"Total","2,792,388","22,530,176",12.39,6.541710665,189.4,"7/2004"
"176",2004,8,"Total","2,980,735","24,507,429",12.16,6.416886544,189.5,"8/2004"
"177",2004,9,"Total","2,802,473","23,408,390",11.97,6.303317536,189.9,"9/2004"
"178",2004,10,"Total","2,401,732","20,927,036",11.48,6.013619696,190.9,"10/2004"
"179",2004,11,"Total","2,170,845","19,279,074",11.26,5.895287958,191,"11/2004"
"180",2004,12,"Total","2,311,767","22,930,603",10.08,5.296899632,190.3,"12/2004"
"181",2005,1,"Total","2,221,250","20,470,914",10.85,5.689564761,190.7,"1/2005"
"182",2005,2,"Total","2,051,329","18,295,026",11.21,5.844629823,191.8,"2/2005"
"183",2005,3,"Total","2,162,477","20,709,511",10.44,5.400931195,193.3,"3/2005"
"184",2005,4,"Total","2,035,833","18,656,348",10.91,5.606372045,194.6,"4/2005"
"185",2005,5,"Total","2,171,764","19,412,203",11.19,5.75617284,194.4,"5/2005"
"186",2005,6,"Total","2,734,025","21,866,982",12.5,6.426735219,194.5,"6/2005"
"187",2005,7,"Total","2,992,297","22,741,963",13.16,6.734902764,195.4,"7/2005"
"188",2005,8,"Total","3,352,555","26,405,948",12.7,6.466395112,196.4,"8/2005"
"189",2005,9,"Total","2,885,696","23,475,096",12.29,6.182092555,198.8,"9/2005"
"190",2005,10,"Total","2,358,631","20,920,683",11.27,5.657630522,199.2,"10/2005"
"191",2005,11,"Total","2,216,863","19,907,608",11.14,5.637651822,197.6,"11/2005"
"192",2005,12,"Total","2,384,380","21,387,224",11.15,5.665650407,196.8,"12/2005"
"193",2006,1,"Total","2,354,829","20,936,256",11.25,5.67322239,198.3,"1/2006"
"194",2006,2,"Total","2,227,631","19,005,521",11.72,5.898339205,198.7,"2/2006"
"195",2006,3,"Total","2,497,124","21,352,854",11.69,5.850850851,199.8,"3/2006"
"196",2006,4,"Total","2,192,429","18,203,528",12.04,5.975186104,201.5,"4/2006"
"197",2006,5,"Total","2,534,138","20,582,284",12.31,6.079012346,202.5,"5/2006"
"198",2006,6,"Total","3,230,511","23,237,303",13.9,6.850665352,202.9,"6/2006"
"199",2006,7,"Total","3,825,055","25,206,304",15.17,7.454545455,203.5,"7/2006"
"200",2006,8,"Total","3,840,987","27,517,480",13.96,6.846493379,203.9,"8/2006"
"201",2006,9,"Total","3,278,960","23,681,321",13.85,6.826022671,202.9,"9/2006"
"202",2006,10,"Total","2,659,131","21,866,506",12.16,6.025768087,201.8,"10/2006"
"203",2006,11,"Total","2,483,809","20,058,988",12.38,6.143920596,201.5,"11/2006"
"204",2006,12,"Total","2,587,231","21,310,183",12.14,6.015857284,201.8,"12/2006"
"205",2007,1,"Total","2,748,937","22,130,082",12.42,6.136363636,202.4,"1/2007"
"206",2007,2,"Total","2,296,740","19,167,557",11.98,5.886977887,203.5,"2/2007"
"207",2007,3,"Total","2,415,589","20,314,464",11.89,5.788704966,205.4,"3/2007"
"208",2007,4,"Total","2,299,812","19,585,631",11.74,5.679729076,206.7,"4/2007"
"209",2007,5,"Total","2,592,049","21,178,613",12.24,5.887445887,207.9,"5/2007"
"210",2007,6,"Total","3,010,516","22,041,117",13.66,6.554702495,208.4,"6/2007"
"211",2007,7,"Total","3,520,766","25,005,524",14.08,6.759481517,208.3,"7/2007"
"212",2007,8,"Total","3,627,231","25,919,908",13.99,6.729196729,207.9,"8/2007"
"213",2007,9,"Total","3,458,066","24,974,681",13.85,6.642685851,208.5,"9/2007"
"214",2007,10,"Total","2,859,157","22,667,368",12.61,6.036381044,208.9,"10/2007"
"215",2007,11,"Total","2,485,145","20,225,215",12.29,5.846812559,210.2,"11/2007"
"216",2007,12,"Total","2,517,180","21,024,751",11.97,5.7,210,"12/2007"
"217",2008,1,"Total","2,612,350","22,619,921",11.55,5.471340597,211.1,"1/2008"
"218",2008,2,"Total","2,306,712","19,970,292",11.55,5.455833727,211.7,"2/2008"
"219",2008,3,"Total","2,283,110","19,927,153",11.46,5.367681499,213.5,"3/2008"
"220",2008,4,"Total","2,287,057","20,365,692",11.23,5.228119181,214.8,"4/2008"
"221",2008,5,"Total","2,514,711","20,942,151",12.01,5.54478301,216.6,"5/2008"
"222",2008,6,"Total","3,050,034","22,304,475",13.67,6.247714808,218.8,"6/2008"
"223",2008,7,"Total","3,580,380","26,288,469",13.62,6.191922315,219.964,"7/2008"
"224",2008,8,"Total","3,490,929","24,807,847",14.07,6.4221356,219.086,"8/2008"
"225",2008,9,"Total","3,407,738","25,582,494",13.32,6.088224405,218.783,"9/2008"
"226",2008,10,"Total","2,932,545","23,521,790",12.47,5.757873789,216.573,"10/2008"
"227",2008,11,"Total","2,418,087","19,377,182",12.48,5.875014711,212.425,"11/2008"
"228",2008,12,"Total","2,613,099","22,447,753",11.64,5.53684571,210.228,"12/2008"
"229",2009,1,"Total","2,582,664","20,947,601",12.33,5.839644222,211.143,"1/2009"
"230",2009,2,"Total","2,340,034","19,092,352",12.26,5.777758927,212.193,"2/2009"
"231",2009,3,"Total","2,422,360","19,875,740",12.19,5.730834144,212.709,"3/2009"
"232",2009,4,"Total","2,432,727","19,983,832",12.17,5.707184393,213.24,"4/2009"
"233",2009,5,"Total","2,614,154","19,871,827",13.16,6.1536735,213.856,"5/2009"
"234",2009,6,"Total","3,112,776","22,028,050",14.13,6.550977547,215.693,"6/2009"
"235",2009,7,"Total","3,661,228","24,414,205",15,6.96537281,215.351,"7/2009"
"236",2009,8,"Total","3,680,689","24,681,491",14.91,6.90808677,215.834,"8/2009"
"237",2009,9,"Total","3,659,830","24,862,939",14.72,6.815793007,215.969,"9/2009"
"238",2009,10,"Total","3,006,721","22,723,895",13.23,6.119985012,216.177,"10/2009"
"239",2009,11,"Total","2,176,605","19,159,063",11.36,5.251236537,216.33,"11/2009"
"240",2009,12,"Total","2,679,317","21,942,679",12.21,5.654112777,215.949,"12/2009"
"241",2010,1,"Total","2,489,044","20,256,041",12.29,5.671775418,216.687,"1/2010"
"242",2010,2,"Total","2,252,722","19,038,040",11.83,5.458127442,216.741,"2/2010"
"243",2010,3,"Total","2,539,878","20,861,122",12.18,5.596629157,217.631,"3/2010"
"244",2010,4,"Total","2,389,044","20,255,544",11.79,5.408033613,218.009,"4/2010"
"245",2010,5,"Total","2,407,429","19,017,650",12.66,5.802601546,218.178,"5/2010"
"246",2010,6,"Total","3,066,296","22,036,601",13.91,6.381758539,217.965,"6/2010"
"247",2010,7,"Total","3,398,520","23,616,311",14.39,6.600584374,218.011,"7/2010"
"248",2010,8,"Total","3,504,603","24,533,682",14.28,6.541097145,218.312,"8/2010"
"249",2010,9,"Total","3,436,500","23,995,943",14.32,6.555605913,218.439,"9/2010"
"250",2010,10,"Total","2,946,651","22,506,210",13.09,5.985067052,218.711,"10/2010"
"251",2010,11,"Total","2,491,689","20,114,545",12.39,5.662628026,218.803,"11/2010"
"252",2010,12,"Total","2,714,253","22,299,203",12.17,5.552539249,219.179,"12/2010"
"253",2011,1,"Total","2,605,673","21,010,165",12.4,5.630656198,220.223,"1/2011"
"254",2011,2,"Total","2,337,491","19,138,651",12.21,5.517172822,221.309,"2/2011"
"255",2011,3,"Total","2,562,855","21,515,349",11.91,5.329645988,223.467,"3/2011"
"256",2011,4,"Total","2,345,804","19,410,340",12.09,5.375579131,224.906,"4/2011"
"257",2011,5,"Total","2,551,687","20,191,005",12.64,5.593811404,225.964,"5/2011"
"258",2011,6,"Total","3,041,620","21,788,563",13.96,6.184598754,225.722,"6/2011"
"259",2011,7,"Total","3,419,292","23,355,017",14.64,6.480112605,225.922,"7/2011"
"260",2011,8,"Total","3,710,933","26,070,628",14.23,6.281312763,226.545,"8/2011"
"261",2011,9,"Total","3,511,993","25,141,565",13.97,6.157195809,226.889,"9/2011"
"262",2011,10,"Total","2,923,418","22,072,767",13.24,5.847514144,226.421,"10/2011"
"263",2011,11,"Total","2,559,163","20,439,478",12.52,5.534190868,226.23,"11/2011"
"264",2011,12,"Total","2,622,785","21,808,172",12.03,5.330745507,225.672,"12/2011"
"265",2012,1,"Total","2,660,934","20,887,546",12.74,5.620877545,226.655,"1/2012"
"266",2012,2,"Total","2,374,494","19,050,378",12.46,5.473001761,227.663,"2/2012"
"267",2012,3,"Total","2,484,473","20,177,826",12.31,5.366359768,229.392,"3/2012"
"268",2012,4,"Total","2,344,557","18,947,640",12.37,5.376273986,230.085,"4/2012"
"269",2012,5,"Total","2,651,590","20,601,201",12.87,5.600156648,229.815,"5/2012"
"270",2012,6,"Total","3,230,371","22,015,226",14.67,6.392769677,229.478,"6/2012"
"271",2012,7,"Total","3,327,479","23,334,005",14.26,6.224247503,229.104,"7/2012"
"272",2012,8,"Total","3,987,485","26,232,375",15.2,6.597823586,230.379,"8/2012"
"273",2012,9,"Total","3,741,106","24,117,856",15.51,6.702476589,231.407,"9/2012"
"274",2012,10,"Total","3,164,143","23,816,739",13.29,5.745362425,231.317,"10/2012"
"275",2012,11,"Total","2,579,502","20,023,561",12.88,5.594624296,230.221,"11/2012"
"276",2012,12,"Total","2,577,173","20,333,685",12.67,5.518268649,229.601,"12/2012"
"277",2013,1,"Total","2,870,354","22,027,288",13.03,5.658328991,230.28,"1/2013"
"278",2013,2,"Total","2,494,712","19,212,525",12.98,5.590827253,232.166,"2/2013"
"279",2013,3,"Total","2,546,493","19,826,857",12.84,5.516103672,232.773,"3/2013"
"280",2013,4,"Total","2,516,334","19,388,692",12.98,5.582051425,232.531,"4/2013"
"281",2013,5,"Total","2,942,253","21,327,504",13.8,5.924145184,232.945,"5/2013"
"282",2013,6,"Total","3,481,998","21,981,278",15.84,6.783609703,233.504,"6/2013"
"283",2013,7,"Total","4,046,384","25,635,015",15.78,6.755252658,233.596,"7/2013"
"284",2013,8,"Total","3,938,134","25,147,418",15.66,6.695827294,233.877,"8/2013"
"285",2013,9,"Total","3,804,847","24,297,237",15.66,6.688049063,234.149,"9/2013"
"286",2013,10,"Total","3,242,426","22,151,808",14.64,6.268572358,233.546,"10/2013"
"287",2013,11,"Total","2,663,648","18,993,756",14.02,6.015386002,233.069,"11/2013"
"288",2013,12,"Total","2,824,725","21,343,082",13.23,5.67691773,233.049,"12/2013"
"289",2014,1,"Total","2,915,624","21,034,008",13.86,5.925203919,233.916,"1/2014"
"290",2014,2,"Total","2,556,794","18,727,999",13.65,5.813928725,234.781,"2/2014"
"291",2014,3,"Total","2,582,013","18,994,258",13.59,5.751334149,236.293,"3/2014"
"292",2014,4,"Total","2,330,600","19,847,009",11.74,4.952082068,237.072,"4/2014"
"293",2014,5,"Total","2,997,294","20,712,609",14.47,6.082387558,237.9,"5/2014"
"294",2014,6,"Total","3,619,116","22,629,657",15.99,6.708818803,238.343,"6/2014"
"295",2014,7,"Total","4,371,199","25,635,580",17.05,7.156348374,238.25,"7/2014"
"296",2014,8,"Total","4,361,001","25,279,320",17.25,7.252409061,237.852,"8/2014"
"297",2014,9,"Total","4,416,993","25,534,900",17.3,7.267960896,238.031,"9/2014"
"298",2014,10,"Total","3,716,842","24,204,139",15.36,6.469193415,237.433,"10/2014"
"299",2014,11,"Total","2,830,790","18,667,420",15.16,6.419621344,236.151,"11/2014"
"300",2014,12,"Total","3,082,061","21,317,887",14.46,6.158117984,234.812,"12/2014"
"301",2015,1,"Total","2,973,878","20,436,665",14.55,6.225744201,233.707,"1/2015"
"302",2015,2,"Total","2,606,697","18,225,225",14.3,6.09231346,234.722,"2/2015"
"303",2015,3,"Total","2,829,907","19,904,835",14.22,6.022387017,236.119,"3/2015"
"304",2015,4,"Total","2,529,791","20,019,548",12.64,5.342372538,236.599,"4/2015"
"305",2015,5,"Total","2,869,766","19,441,589",14.76,6.206766048,237.805,"5/2015"
"306",2015,6,"Total","3,560,879","22,091,399",16.12,6.755001299,238.638,"6/2015"
"307",2015,7,"Total","4,361,732","25,191,358",17.31,7.253178241,238.654,"7/2015"
"308",2015,8,"Total","4,221,306","24,552,181",17.19,7.213112003,238.316,"8/2015"
"309",2015,9,"Total","4,434,886","25,544,655",17.36,7.295803652,237.945,"9/2015"
"310",2015,10,"Total","3,801,055","24,329,324",15.62,6.567495522,237.838,"10/2015"
"311",2015,11,"Total","2,988,494","19,884,185",15.03,6.332794014,237.336,"11/2015"
"312",2015,12,"Total","3,106,190","21,549,473",14.41,6.092379241,236.525,"12/2015"
"313",2016,1,"Total","2,951,812","20,116,800",14.67,6.192068075,236.916,"1/2016"
"314",2016,2,"Total","2,687,606","18,596,843",14.45,6.094192172,237.111,"2/2016"
"315",2016,3,"Total","2,883,960","20,224,894",14.26,5.98827541,238.132,"3/2016"
"316",2016,4,"Total","2,412,856","19,147,801",12.6,5.266215555,239.261,"4/2016"
"317",2016,5,"Total","2,880,945","19,390,174",14.86,6.185584176,240.236,"5/2016"
"318",2016,6,"Total","3,609,508","22,358,254",16.14,6.696039629,241.038,"6/2016"
"319",2016,7,"Total","4,026,244","23,899,796",16.85,7.001957224,240.647,"7/2016"
"320",2016,8,"Total","4,610,801","27,016,026",17.07,7.087310517,240.853,"8/2016"
"321",2016,9,"Total","4,015,097","24,190,191",16.6,6.875755919,241.428,"9/2016"
"322",2016,10,"Total","3,021,705","21,407,814",14.12,5.841251981,241.729,"10/2016"
"323",2016,11,"Total","2,943,809","19,741,329",14.91,6.177673366,241.353,"11/2016"
"324",2016,12,"Total","3,071,985","20,756,713",14.8,6.13009046,241.432,"12/2016"
